{
 "FireAllocation": [
  [
   0,
   0,
   0,
   0.14781715288444647,
   0
  ],
  [
   0.08378804187217805,
   0,
   0,
   0,
   0.39143078507607654
  ],
  [
   0.26047169651538354,
   0,
   0,
   0.3720044519649121,
   0
  ],
  [
   0,
   0,
   0,
   0.19123627963908585,
   0
  ],
  [
   0.6557402616124384,
   0,
   1,
   0,
   0
  ],
  [
   0,
   0.8311274062610873,
   0,
   0,
   0.011631405889911557
  ],
  [
   0,
   0,
   0,
   0,
   0.596937809034012
  ],
  [
   0,
   0.16887259373891267,
   0,
   0.2889421155115555,
   0
  ]
 ],
 "Score": 218.23614243659478
}