{
 "R": [
  379,
  363,
  165,
  210,
  157,
  188,
  338,
  186,
  349,
  199,
  381,
  334
 ],
 "B": [
  220,
  65,
  258,
  51,
  264,
  118,
  171,
  257,
  94,
  135,
  194,
  66
 ],
 "KR": [
  [
   0.5458423204461871,
   0.17528370550193503,
   0.4438948040187241,
   0.7564064163065709,
   0.16292793774062794,
   0.11773217374141899,
   0.583499578267965,
   0.3271992421394596,
   0.4393124726475684,
   0.8877675391928458,
   0.8031766891630313,
   0.8382494875306343
  ],
  [
   0.7004476647115992,
   0.6974844905233054,
   0.8547885762830644,
   0.5540049453882346,
   0.6475621751675834,
   0.8462400931563095,
   0.22222873246960806,
   0.6816545617047548,
   0.9468221535778986,
   0.2333598988340019,
   0.5596831933405644,
   0.7981775915588192
  ],
  [
   0.3385612484514444,
   0.6039767553319885,
   0.5323723296105871,
   0.17307732136731405,
   0.3499562195020287,
   0.43130482808233533,
   0.4140025586612328,
   0.5627867095135812,
   0.33252148762831757,
   0.5717350326184999,
   0.02921138040778578,
   0.7501546352562702
  ],
  [
   0.7315956149883862,
   0.7635697546778473,
   0.13300974039070929,
   0.4491641558021377,
   0.33982878207851447,
   0.2153820728787624,
   0.5586459991653692,
   0.5855051456867889,
   0.7151606117944489,
   0.8266146880040771,
   0.9803498846541856,
   0.28853509025013274
  ],
  [
   0.6731435074403206,
   0.7526384435408997,
   0.26614785524306855,
   0.18568738568487395,
   0.5081482827471944,
   0.26616747903426513,
   0.6722147121548375,
   0.2949150670362028,
   0.10552047806416864,
   0.5157754508759104,
   0.03001178231924432,
   0.520817878907932
  ],
  [
   0.2760640982182513,
   0.07786749348089665,
   0.920788114111571,
   0.9516062443812602,
   0.2069411454471044,
   0.8732048829558949,
   0.12883255020523998,
   0.2554406399621069,
   0.39253473712342335,
   0.4273629366545604,
   0.6053909377619437,
   0.16601423478691424
  ],
  [
   0.8860289912659571,
   0.9344262637992072,
   0.7356904955417408,
   0.08372779229138491,
   0.8918538032191469,
   0.2620648004075388,
   0.6648393822250036,
   0.9529300576579957,
   0.4836258923535356,
   0.3964784975052647,
   0.4557174433776999,
   0.48084131862688745
  ],
  [
   0.39089006980407887,
   0.5703885701162903,
   0.5478211628177232,
   0.2669877560567144,
   0.40451664078032457,
   0.8353651896290467,
   0.7713170664524874,
   0.794557922377131,
   0.0638901731040768,
   0.059847992979332916,
   0.6302214128116939,
   0.4813561064434321
  ],
  [
   0.49558402659955275,
   0.17577076634294908,
   0.24914814730363707,
   0.604644218608619,
   0.1532392775760567,
   0.8211082037107547,
   0.47972793091023974,
   0.785287359865937,
   0.8370415443937238,
   0.7004704187306244,
   0.9534767376814567,
   0.7707972274444443
  ],
  [
   0.8240651533404351,
   0.8522511691183793,
   0.5875419780955745,
   0.3427110697999807,
   0.9406690297664118,
   0.3375393322850942,
   0.24311900974111822,
   0.1450100641141585,
   0.13283156727560844,
   0.23082366024044035,
   0.4196879726276972,
   0.4659603489895734
  ],
  [
   0.743541634797252,
   0.8849057035440272,
   0.6347693648264195,
   0.8987098561467839,
   0.8678017133922317,
   0.11116208435927606,
   0.7341578721442552,
   0.6098165430144441,
   0.12275297509959951,
   0.19230596768738742,
   0.005388844950211512,
   0.8354269929622605
  ],
  [
   0.40045845165243277,
   0.05127317059181084,
   0.8256163436349484,
   0.5569381220327836,
   0.8705552247747175,
   0.14359473244623258,
   0.16857826664649148,
   0.13613598732442764,
   0.7689385013663502,
   0.5511203769289633,
   0.6414734541091012,
   0.30766027793200007
  ]
 ],
 "KB": [
  [
   0.8721717193944071,
   0.44284900485179196,
   0.1499383212388831,
   0.7926828923820055,
   0.3600296709300687,
   0.8502540309797043,
   0.7999740053744088,
   0.6658253177295292,
   0.08522207068967741,
   0.1176076026979748,
   0.9827637203988633,
   0.324464760972985
  ],
  [
   0.6587479739917163,
   0.8379367965326981,
   0.810273169640359,
   0.25504507964000694,
   0.7820569952780172,
   0.0906458726232407,
   0.7571723333473999,
   0.34424997598234586,
   0.7634802893084718,
   0.5748447977996332,
   0.5911876732509849,
   0.6482044010340487
  ],
  [
   0.36316792930924585,
   0.2205907502667022,
   0.056230297798637835,
   0.15206727070252313,
   0.8733916782085914,
   0.15731820469000674,
   0.7085408598725842,
   0.7943956947770635,
   0.12903254994018007,
   0.5160603994411861,
   0.02727363660516034,
   0.28575214024044215
  ],
  [
   0.6778995225665471,
   0.5105701563077645,
   0.8705978848628652,
   0.27493078150170264,
   0.33351360721517215,
   0.7508495854581365,
   0.519328685967285,
   0.48587310088594965,
   0.6637200614607804,
   0.705726476743372,
   0.4186676484374561,
   0.7261938575977575
  ],
  [
   0.2193378776041829,
   0.7752405187865073,
   0.6289918631375905,
   0.3924623127525877,
   0.8437548532472311,
   0.7266839697301826,
   0.008488589879645398,
   0.9793654900964948,
   0.9064682185722873,
   0.6631640018978714,
   0.25092620288929857,
   0.3583957529751708
  ],
  [
   0.6277014390444364,
   0.4170096820337534,
   0.9595586307659819,
   0.17037035112629487,
   0.8753918877429019,
   0.2722080831522897,
   0.9521304300574874,
   0.5001001141985548,
   0.7864354530432375,
   0.09978752665920511,
   0.8328529654807477,
   0.5001075481418541
  ],
  [
   0.5484051271748595,
   0.8948457494193344,
   0.872835947001933,
   0.2302730594401648,
   0.7107985250432471,
   0.8990171715009148,
   0.31257591342148544,
   0.8089290987725615,
   0.27802713509631716,
   0.9271928777990405,
   0.5812519600632958,
   0.40684283300966484
  ],
  [
   0.9774924565267818,
   0.35221305371149464,
   0.12488581812525273,
   0.6428734898044259,
   0.3152551307758484,
   0.8377636901687856,
   0.7017516793693025,
   0.35689927042611685,
   0.1427397541101221,
   0.7171979178873031,
   0.7774057248153621,
   0.033415497735013636
  ],
  [
   0.9483056895705053,
   0.34242092726402423,
   0.04725352344915433,
   0.10694532452722552,
   0.9710217045985917,
   0.7113510374279174,
   0.07924472662244174,
   0.13921486975196257,
   0.9176104999449921,
   0.4821050847822259,
   0.6031450948094623,
   0.3974291863480546
  ],
  [
   0.9247339842763871,
   0.6493265430841668,
   0.7461335564852157,
   0.16170763541272737,
   0.2625786716068623,
   0.5141085271843348,
   0.9276807575174327,
   0.28978473698909973,
   0.14642627266085287,
   0.5531778093877793,
   0.6157012855285358,
   0.2634812303248432
  ],
  [
   0.7062603683868737,
   0.7380957415711096,
   0.26588992197664085,
   0.4290455051051869,
   0.03338495381402733,
   0.6472037432764776,
   0.869235786045125,
   0.3882848423648304,
   0.8520457561054944,
   0.22645531042350922,
   0.2495651195042651,
   0.7654613655313035
  ],
  [
   0.5656166077702783,
   0.2483180725671518,
   0.7721055201567315,
   0.16419808412866835,
   0.18496591846469215,
   0.5682176685948439,
   0.14535188166490545,
   0.45969671427837766,
   0.13114461496514748,
   0.9739155195880818,
   0.07693049070652287,
   0.1588471335801132
  ]
 ]
}