{
 "R": [
  263,
  151,
  104,
  388,
  269
 ],
 "B": [
  82,
  209,
  269,
  286,
  288,
  25,
  220,
  164
 ],
 "KR": [
  [
   0.8556070029686325,
   0.2563096650368109,
   0.3660339624072682,
   0.7949227949598603,
   0.46839279154197394
  ],
  [
   0.8886685227806227,
   0.36997149694450837,
   0.3237985758501392,
   0.3957516272586543,
   0.6701501385585825
  ],
  [
   0.9919919401723191,
   0.27865194778762603,
   0.06301261112978532,
   0.6342452382159827,
   0.09027160008914019
  ],
  [
   0.42684631550870344,
   0.41309103044154827,
   0.7442700929811886,
   0.31739071746390235,
   0.4373930713841888
  ],
  [
   0.8631048985593001,
   0.3301884191104914,
   0.9641858478073656,
   0.1542377624069386,
   0.09311765509730185
  ],
  [
   0.8403923824856523,
   0.4128049433086424,
   0.7816981449001128,
   0.38531146582219006,
   0.7158451065611051
  ],
  [
   0.5393193406594504,
   0.007521621630832524,
   0.3323378161814162,
   0.0020278957975407496,
   0.909313281700577
  ],
  [
   0.9358029241757522,
   0.4356841078418264,
   0.6529236724908278,
   0.8419041662652627,
   0.18652116814258254
  ]
 ],
 "KB": [
  [
   0.4455356196019104,
   0.5216523905995575,
   0.8382647417302109,
   0.29559048622938267,
   0.0843207262473768,
   0.9227696601488824,
   0.3557359254515744,
   0.4414850361244992
  ],
  [
   0.7303179889676243,
   0.910725670187693,
   0.9570833842423966,
   0.3462087870753071,
   0.7682004246415459,
   0.19936838317318248,
   0.8481615134811523,
   0.6278313512881295
  ],
  [
   0.7656835308313708,
   0.36598375627457147,
   0.6270311036856423,
   0.5844110588967044,
   0.5690891683930184,
   0.7411573052179163,
   0.01928001750613102,
   0.5713926278817084
  ],
  [
   0.5440247434049292,
   0.26172135147492476,
   0.6390089269527084,
   0.03130924115045219,
   0.6178034428038199,
   0.3123011512494784,
   0.5490451938612466,
   0.5937285780539223
  ],
  [
   0.41159413845957754,
   0.14319554597063333,
   0.35669103798742,
   0.3201349012671879,
   0.42173879607579123,
   0.48143629952753314,
   0.9363809945052005,
   0.3567181303547482
  ]
 ]
}