{
 "R": [
  192,
  336,
  181,
  369,
  259,
  245,
  302,
  100,
  312,
  140,
  201,
  184
 ],
 "B": [
  242,
  172,
  14,
  277,
  124,
  117,
  212,
  292,
  210,
  200,
  175,
  40
 ],
 "KR": [
  [
   0.419585930084991,
   0.5063089956668226,
   0.3177212458883638,
   0.3179077968663329,
   0.36445230505240467,
   0.7812846680637653,
   0.7157607197115379,
   0.6562874063171363,
   0.7532886880257836,
   0.6350939671348479,
   0.636477056375403,
   0.5956335864788522
  ],
  [
   0.49944778903121256,
   0.48830087407601114,
   0.0845655625352636,
   0.45372080997673575,
   0.6769342357190763,
   0.4872460340320321,
   0.5489907997994055,
   0.5337441582246101,
   0.9332566309277294,
   0.5851413098714487,
   0.5916717911775318,
   0.45340940911060434
  ],
  [
   0.394402276058909,
   0.5710400274945662,
   0.9242951329289077,
   0.23069457155237175,
   0.15351271548523776,
   0.3460490171580449,
   0.7105213776664714,
   0.4696778342043112,
   0.9010700017917229,
   0.7181257869934217,
   0.38315628042507144,
   0.8014767111690111
  ],
  [
   0.22350566012491793,
   0.915314368419528,
   0.26617951699116305,
   0.5492080193095882,
   0.6604106366461531,
   0.6435753081369715,
   0.9221344176360246,
   0.6325972200150624,
   0.8444006269138495,
   0.6620452975154636,
   0.00023393600317535691,
   0.03855133949862213
  ],
  [
   0.5243940767317519,
   0.1445931439061172,
   0.004443813342379916,
   0.9458613358180264,
   0.056120610283277264,
   0.3076555981126674,
   0.2770639203599363,
   0.013396537368090386,
   0.8350088550483653,
   0.3402638047862736,
   0.7744930848019996,
   0.004785945829815195
  ],
  [
   0.6127204701493397,
   0.7417154095148651,
   0.29537411222149945,
   0.7390799066807813,
   0.2660416167488776,
   0.13224246809203608,
   0.9061983877523054,
   0.9179321602053045,
   0.09137679695454197,
   0.3643343190836421,
   0.21990071556632773,
   0.8710727286015326
  ],
  [
   0.31425768853474184,
   0.13356730750033466,
   0.10134845030310032,
   0.41105422448527373,
   0.619425172718496,
   0.40745923326185196,
   0.8022386420496717,
   0.9817711303606653,
   0.1285880091096512,
   0.3194837270675218,
   0.38565008457898436,
   0.7366431250115182
  ],
  [
   0.4145876161777352,
   0.5795335373754988,
   0.2680151173170435,
   0.6723617012806251,
   0.6170939066481744,
   0.25481068181259564,
   0.2544740018124787,
   0.6754764395581353,
   0.3410037388351351,
   0.8105857976810527,
   0.3479809578702093,
   0.8589707080060196
  ],
  [
   0.6763720762656693,
   0.6759413533209004,
   0.6766621088123059,
   0.9931156303964511,
   0.6683788595547459,
   0.4615016170535089,
   0.7514247398912391,
   0.9633498196187252,
   0.9909722618827745,
   0.8977263158164951,
   0.964637816466479,
   0.5119855100241845
  ],
  [
   0.7773777701313468,
   0.17385924894274338,
   0.07866919419360241,
   0.7601285994902495,
   0.8315647309989094,
   0.6090040908679782,
   0.8351890010872278,
   0.913027729724904,
   0.9942666714474614,
   0.40690492334751127,
   0.636170791635416,
   0.841885660526706
  ],
  [
   0.42251509254524716,
   0.9110389158348119,
   0.9883426032202632,
   0.08535456962560904,
   0.5096810885935952,
   0.9830671519506059,
   0.14094596695132072,
   0.45844419182517426,
   0.09570244519944443,
   0.9944760913746065,
   0.6617036402822584,
   0.275013537306922
  ],
  [
   0.4446280888569802,
   0.8103130176291042,
   0.30553026227180774,
   0.96097041163164,
   0.8698088619033835,
   0.31183797333432944,
   0.6849927911474907,
   0.7239766644152879,
   0.9758298277827234,
   0.34473889456632956,
   0.3019267842006039,
   0.20893177300136956
  ]
 ],
 "KB": [
  [
   0.8888294314183635,
   0.5932765588770118,
   0.9396563137684448,
   0.8696794810699836,
   0.43401232141322,
   0.434394101015826,
   0.2874927726665214,
   0.17597587127011222,
   0.39701730605367824,
   0.28711608326118004,
   0.3206060537912684,
   0.910141383238822
  ],
  [
   0.4383547505093936,
   0.031148465292360927,
   0.9591542720102715,
   0.5726573987895699,
   0.39648280372178724,
   0.7618097324325538,
   0.1203058870547551,
   0.04673916597505732,
   0.767197717224206,
   0.1270318650559088,
   0.9580981550593903,
   0.3021105640959846
  ],
  [
   0.04072406702636471,
   0.9572647329095696,
   0.3456663862801498,
   0.0015026290378182569,
   0.06225776062227394,
   0.6960956719970058,
   0.23775327165196364,
   0.4114691650816556,
   0.9998890751441215,
   0.15181803607549468,
   0.04011067500861366,
   0.48714841913409995
  ],
  [
   0.8249983032045207,
   0.16633583276720865,
   0.6244669077095537,
   0.2517237519376315,
   0.9859019139411951,
   0.7056144077220341,
   0.5519368646115875,
   0.7813714211633683,
   0.3844776224460888,
   0.6854171700375405,
   0.34913227274909847,
   0.3910530116407071
  ],
  [
   0.9937411755939763,
   0.3198599355874612,
   0.12810659372347533,
   0.4831518551214049,
   0.9715208516778026,
   0.13412914423586506,
   0.0613802277747562,
   0.237557029255415,
   0.41920563410888323,
   0.7795743209755042,
   0.7475144369043479,
   0.3015395442152201
  ],
  [
   0.5688258660473678,
   0.4151428638632666,
   0.9248676001675767,
   0.06151360258634118,
   0.8220198253869186,
   0.14076382738587861,
   0.06609274912452427,
   0.8337601862933645,
   0.2674530314335654,
   0.9954244289819659,
   0.12793200648951514,
   0.022392792486216187
  ],
  [
   0.9183102432065569,
   0.9831350447338612,
   0.9313675735830276,
   0.5843773893591556,
   0.20601943299076303,
   0.19974508082335446,
   0.45662483893941846,
   0.0010184280746392033,
   0.9410399449499207,
   0.3590638308501587,
   0.1325299184429059,
   0.6567404351520925
  ],
  [
   0.6316289154683429,
   0.7883706148504909,
   0.1083807947654075,
   0.23064377525312285,
   0.3064084631159145,
   0.5782378373332068,
   0.08816794544522832,
   0.1745263170671864,
   0.0494361164620785,
   0.021936723771259662,
   0.3201992052482939,
   0.24281996509082063
  ],
  [
   0.1606506942067909,
   0.973367493128861,
   0.5121921151909221,
   0.4769835401456443,
   0.6483847234406882,
   0.7663154529725966,
   0.5985785375663157,
   0.3088973592916437,
   0.01789307284462825,
   0.6045601530534929,
   0.396435229928225,
   0.2572099626942179
  ],
  [
   0.10718389507896925,
   0.21661221930206154,
   0.02238636226025876,
   0.6778415613612293,
   0.7324522277138383,
   0.5286201748517609,
   0.32623812362757704,
   0.2171189406357515,
   0.8651628057482184,
   0.675238491332694,
   0.1300018385997461,
   0.6136107816022894
  ],
  [
   0.45019227332773754,
   0.03788483147814102,
   0.8374874152799986,
   0.7263912631036752,
   0.18301377290714166,
   0.7102810750732802,
   0.9889979652696338,
   0.0024448534786822677,
   0.9562917714305216,
   0.4040482508783726,
   0.7848360399624437,
   0.6480668299936558
  ],
  [
   0.23710331763226272,
   0.9285487381832828,
   0.3466680252937958,
   0.5400320666490369,
   0.3476037591277388,
   0.31607010441393774,
   0.16477085915598622,
   0.20471323445089998,
   0.5865733869682465,
   0.04679708019909262,
   0.8826810120346874,
   0.673035270506367
  ]
 ]
}