{
 "R": [
  91,
  88,
  273,
  200,
  313,
  376,
  302,
  332,
  53,
  121,
  138,
  190,
  212,
  155,
  324
 ],
 "B": [
  97,
  191,
  150,
  204,
  99,
  121,
  216,
  138,
  257,
  100,
  118,
  139,
  41,
  23,
  73
 ],
 "KR": [
  [
   0.6645600532184904,
   0.28208099496492467,
   0.6494894605929404,
   0.497868113342702,
   0.2318300419376769,
   0.5390745170394794,
   0.05349462449440764,
   0.5130875060878567,
   0.4173258421903824,
   0.21465371537694145,
   0.27349475629159786,
   0.004444659798132893,
   0.5975662051444081,
   0.6220016345973344,
   0.5113391781716151
  ],
  [
   0.6868230728671094,
   0.3618054804803169,
   0.7558235074915978,
   0.40961827788499267,
   0.4983943012759756,
   0.5127817581110815,
   0.2507622754291802,
   0.7242290584591684,
   0.40673677545039083,
   0.3511342996652132,
   0.9097612825191185,
   0.10930666111680035,
   0.8328558555773872,
   0.14057528768697503,
   0.9946063668723257
  ],
  [
   0.09696951891448456,
   0.2971122606397708,
   0.13065111702897217,
   0.0019038945142366389,
   0.02519395979489504,
   0.6530402051353608,
   0.9738818740706728,
   0.9777634773577185,
   0.9581763626025936,
   0.5783512569311121,
   0.4986324518556019,
   0.25705535663902546,
   0.9367075689065375,
   0.9440150975942463,
   0.7273189933105949
  ],
  [
   0.8136399609900968,
   0.09745461839911657,
   0.8963417453962161,
   0.915821314612957,
   0.5893830864007992,
   0.654270134424146,
   0.021533783325605065,
   0.8321979381499331,
   0.7916723090820832,
   0.1198505089028631,
   0.9758952564996382,
   0.9264114223681271,
   0.7203131001891496,
   0.24579195449605964,
   0.5140235687917202
  ],
  [
   0.31805817433032985,
   0.07429099894984302,
   0.7211477651926741,
   0.559392449071014,
   0.572086801443084,
   0.6366442140381798,
   0.09297015549992493,
   0.9133990629364709,
   0.015181277223073395,
   0.05378558010574821,
   0.044990698677957075,
   0.3038871248932524,
   0.45015392507594826,
   0.5369806159703968,
   0.5456026338512396
  ],
  [
   0.29310185733681576,
   0.6810783123925709,
   0.08552050754191123,
   0.8780117586524,
   0.4117626883450162,
   0.030682195787138565,
   0.31188554282705405,
   0.8351038011543529,
   0.9047762370657334,
   0.3241739630613883,
   0.9519061481203719,
   0.17648961347647024,
   0.472492052251115,
   0.6716676406616031,
   0.2932843538031215
  ],
  [
   0.20318687664732285,
   0.31152244431052484,
   0.6227283173637045,
   0.6001655953233308,
   0.49160739613162047,
   0.3691117091643448,
   0.4872392485803695,
   0.7517405788967347,
   0.0429216421763342,
   0.34928874777426255,
   0.5357909989896142,
   0.7051371238012589,
   0.36233147712894287,
   0.7338548372033181,
   0.1417787687869967
  ],
  [
   0.8624914374478864,
   0.741848959991823,
   0.2368225468054852,
   0.8458327872480417,
   0.7972085409108028,
   0.34768170859156955,
   0.6718291062346395,
   0.09693421323873166,
   0.34785904313005395,
   0.9687461599658117,
   0.8651749974832864,
   0.25036892046498466,
   0.04786834817976424,
   0.4234737796578878,
   0.6313482346468529
  ],
  [
   0.7525730355516119,
   0.7302314772948083,
   0.18724610140105305,
   0.641784290799583,
   0.7830349733960021,
   0.2529998236478441,
   0.9002751472643116,
   0.5838347418625311,
   0.8399474211705598,
   0.2079431283731565,
   0.5785509024958203,
   0.7512406316252606,
   0.7562101814022738,
   0.9530446527485383,
   0.0014115440248851888
  ],
  [
   0.6967191657466347,
   0.4283570818068078,
   0.6280981712183633,
   0.17365584472313275,
   0.1304138461737918,
   0.5550021356347942,
   0.31933126760711733,
   0.9982738110084945,
   0.12436351859954159,
   0.30220237504213365,
   0.5506157619831827,
   0.8409932064362602,
   0.2209988520356824,
   0.45518959189718156,
   0.8877920216386791
  ],
  [
   0.15832827774512764,
   0.6826534880132438,
   0.28133029380535923,
   0.8143945509670211,
   0.7398257810158336,
   0.5064970636764183,
   0.4004323171418129,
   0.9854655786332479,
   0.8349475064934941,
   0.1340841627502418,
   0.5098654204729554,
   0.013285547727582237,
   0.39084244515115124,
   0.7198855627833396,
   0.5961786585231289
  ],
  [
   0.07945362337387198,
   0.9222122589217269,
   0.43491247389145765,
   0.03032254783300687,
   0.09838378898573259,
   0.33136826030698385,
   0.6450388660194482,
   0.33205608571906026,
   0.007681206474088089,
   0.6408648211682538,
   0.49079401441435533,
   0.8993714646570142,
   0.14968548168959894,
   0.7425908573712917,
   0.8298384033630892
  ],
  [
   0.692024587353112,
   0.4931419977048804,
   0.5501469205077233,
   0.9756748149873165,
   0.09972966371993512,
   0.7002878731458151,
   0.33959675138730994,
   0.9560206265966097,
   0.37026753645051064,
   0.8098742259339521,
   0.2624906626498994,
   0.043000361954927006,
   0.7655885318342354,
   0.682521575399965,
   0.06593483186524836
  ],
  [
   0.5410998550087353,
   0.9549454404167818,
   0.7291807267342981,
   0.2940063127950149,
   0.07619026230375504,
   0.9991594902203332,
   0.23632747430436052,
   0.1843906940020268,
   0.6432040265702031,
   0.9427573715373733,
   0.3714866516582223,
   0.05109409825821224,
   0.4554439687670013,
   0.24858283553819602,
   0.33551802219817817
  ],
  [
   0.4231522015718281,
   0.6908388315056789,
   0.0005138155161213613,
   0.150964044979607,
   0.15965092146489504,
   0.11167463676480495,
   0.035754647436084384,
   0.8332418155281546,
   0.7911253356619845,
   0.4946804357820598,
   0.4157519697339963,
   0.475697373996154,
   0.08196946696466764,
   0.7699709528045788,
   0.6190296776466547
  ]
 ],