{
 "R": [
  91,
  18,
  399,
  128,
  350,
  107,
  338,
  100,
  181,
  266
 ],
 "B": [
  97,
  191,
  150,
  204,
  99,
  121,
  216,
  138,
  257,
  100
 ],
 "KR": [
  [
   0.6645600532184904,
   0.15832827774512764,
   0.09745461839911657,
   0.3479539636282229,
   0.2388407028053186,
   0.5898341850049194,
   0.150964044979607,
   0.1304138461737918,
   0.6366442140381798,
   0.7807540845584926
  ],
  [
   0.6868230728671094,
   0.9752416188605784,
   0.07429099894984302,
   0.7109071952999951,
   0.1267529293726013,
   0.8154051709333606,
   0.8319308529698163,
   0.7398257810158336,
   0.030682195787138565,
   0.05349462449440764
  ],
  [
   0.09696951891448456,
   0.5948085976830626,
   0.6810783123925709,
   0.6494894605929404,
   0.41032284435628247,
   0.4584424785756506,
   0.6278346050000227,
   0.09838378898573259,
   0.3691117091643448,
   0.2507622754291802
  ],
  [
   0.8136399609900968,
   0.692024587353112,
   0.31152244431052484,
   0.7558235074915978,
   0.6250950283005304,
   0.02626515060968944,
   0.08983608926036683,
   0.09972966371993512,
   0.34768170859156955,
   0.9738818740706728
  ],
  [
   0.31805817433032985,
   0.17326623818270528,
   0.741848959991823,
   0.13065111702897217,
   0.6236088264529301,
   0.24969320116349378,
   0.3922161831540248,
   0.07619026230375504,
   0.2529998236478441,
   0.021533783325605065
  ],
  [
   0.29310185733681576,
   0.544155573000885,
   0.7302314772948083,
   0.8963417453962161,
   0.8305339189948062,
   0.24746660783662855,
   0.9296116354490302,
   0.15965092146489504,
   0.5550021356347942,
   0.09297015549992493
  ],
  [
   0.20318687664732285,
   0.4231522015718281,
   0.4283570818068078,
   0.7211477651926741,
   0.7360686014954314,
   0.5926237532124455,
   0.5885763451434821,
   0.32261068286779754,
   0.5064970636764183,
   0.31188554282705405
  ],
  [
   0.8624914374478864,
   0.2535405005150605,
   0.6826534880132438,
   0.08552050754191123,
   0.497868113342702,
   0.6938381365172095,
   0.5525803898142438,
   0.5708516273454957,
   0.33136826030698385,
   0.4872392485803695
  ],
  [
   0.7525730355516119,
   0.7886049150193449,
   0.9222122589217269,
   0.6227283173637045,
   0.40961827788499267,
   0.539210105890946,
   0.9579539135375136,
   0.6841751300974551,
   0.7002878731458151,
   0.6718291062346395
  ],
  [
   0.6967191657466347,
   0.8805431227416171,
   0.4931419977048804,
   0.2368225468054852,
   0.0019038945142366389,
   0.7507630564795985,
   0.10738111282075208,
   0.524499759549865,
   0.9991594902203332,
   0.9002751472643116
  ]
 ],
 "KB": [
  [
   0.4377141871869802,
   0.06563701921747622,
   0.30091186058528707,
   0.21426387258237492,
   0.4688898449024232,
   0.6790846759202163,
   0.360871416856906,
   0.29311424455385804,
   0.2065826619136986,
   0.5238203060500009
  ],
  [
   0.6072534395455154,
   0.07945362337387198,
   0.05912065131387529,
   0.30152268100656,
   0.5410998550087353,
   0.27850762181610883,
   0.5305857153507052,
   0.28208099496492467,
   0.3618054804803169,
   0.2971122606397708
  ],
  [
   0.9769168685862624,
   0.22228941700678773,
   0.24151508854715265,
   0.932846428518434,
   0.8010550426526613,
   0.18292491645390843,
   0.8969919575618727,
   0.9789293555766876,
   0.09083727535388708,
   0.9269868035744142
  ],
  [
   0.6908388315056789,
   0.5637795958152644,
   0.5517650490127749,
   0.40380328579570035,
   0.9859647293402467,
   0.3220839705208817,
   0.6445397825093294,
   0.6695752976997745,
   0.3696928436398219,
   0.5352818906344061
  ],
  [
   0.6280981712183633,
   0.28133029380535923,
   0.43491247389145765,
   0.5501469205077233,
   0.7291807267342981,
   0.0005138155161213613,
   0.39998376285699544,
   0.6039781022829275,
   0.02967128127488647,
   0.0028430411748625642
  ],
  [
   0.559392449071014,
   0.8780117586524,
   0.6001655953233308,
   0.8458327872480417,
   0.641784290799583,
   0.17365584472313275,
   0.8143945509670211,
   0.03032254783300687,
   0.9756748149873165,
   0.2940063127950149
  ],
  [
   0.35576726540923664,
   0.2318300419376769,
   0.4983943012759756,
   0.02519395979489504,
   0.5893830864007992,
   0.572086801443084,
   0.4117626883450162,
   0.49160739613162047,
   0.7972085409108028,
   0.7830349733960021
  ],
  [
   0.19003276633920804,
   0.6540414092312797,
   0.5203802857122278,
   0.15184340208190175,
   0.3152080853201245,
   0.13780406161952607,
   0.5390745170394794,
   0.5127817581110815,
   0.6530402051353608,
   0.654270134424146
  ],
  [
   0.012825909106361078,
   0.098030874806305,
   0.826454125634742,
   0.3443150177263606,
   0.21647114665497036,
   0.4020708452718306,
   0.16867966833433606,
   0.8279280961505588,
   0.05792625966433577,
   0.411540363220476
  ],
  [
   0.09211762444074219,
   0.7146958158916296,
   0.8486329209031569,
   0.21256094905031958,
   0.9451947603888259,
   0.6458333745239767,
   0.44846436394045647,
   0.08247967651135,
   0.40018828942364343,
   0.9498832061012532
  ]
 ]
}